ai-phone-answering-for-new-restaurants	Phone setup for a restaurant that hasn't opened yet
switching-from-family-cell-phone-to-business-line	Restaurants run off an owner's cell, and the upgrade path
restaurant-phone-hours-accuracy	Hours that are wrong in three places and the calls it causes
handling-wrong-number-calls	The surprising share of calls that aren't customers
directions-and-parking-questions	The most common non-order call and how to end it fast
takeout-packaging-questions-phone	Callers asking what travels well, and why it matters
gift-certificate-balance-calls	Balance checks and where they belong
lost-and-found-calls-restaurants	Handling the call about a coat left at table nine
job-applicant-calls-restaurants	Applicants calling during service and where to route them
vendor-and-sales-calls-restaurants	Screening supplier and cold sales calls off the order line
health-inspector-and-official-calls	Calls that must reach a manager, immediately
media-and-press-calls-restaurants	Press inquiries during a busy shift
charity-donation-request-calls	A polite, consistent answer to donation requests
catering-quote-turnaround-time	How fast a quote has to come back to win the job
corporate-account-setup-phone	Setting up a recurring corporate account from a call
recurring-standing-orders-phone	Standing weekly orders and the maintenance they need
phone-order-pickup-verification	Confirming the right person picks up the right bag
contactless-pickup-instructions	Curbside and locker instructions given on the call
delivery-address-confirmation-accuracy	Catching bad addresses before the driver leaves
apartment-and-gate-code-handling	Delivery notes that actually reach the driver
restaurant-phone-order-cancellation-policy	Cancellations, timing, and who takes the loss
double-order-detection	Catching the same order placed twice in five minutes
callback-and-order-status-requests	"Where is my order" handled without interrupting the line
order-modification-after-submission	Changing an order after it hit the kitchen
allergy-flag-routing	Routing allergy orders so the kitchen sees the flag
kids-menu-and-family-orders	Family orders, kids meals, and the questions that come with them
group-office-lunch-orders	Office lunch coordination and per-person collection
subscription-and-membership-calls	Membership programs and the calls they generate
holiday-gift-card-bulk-orders	Corporate bulk gift card orders taken by phone
phone-only-specials	Running a phone-exclusive offer and measuring it
happy-hour-questions-by-phone	Time-bound offers and the confusion they create
menu-nutrition-questions-phone	Calorie and nutrition questions and the limits of an answer
spice-level-communication	Getting heat level right across languages and expectations
portion-size-questions-phone	Answering "how much food is that" so nobody is disappointed
photo-and-menu-link-texting	Texting a menu link mid-call and whether it helps
phone-orders-and-online-menu-mismatch	When the website and the phone quote different prices
first-time-caller-experience	What a first-time caller needs that a regular doesn't
repeat-caller-recognition	Recognizing returning numbers without being creepy
caller-data-and-marketing-consent	Turning caller numbers into a marketing list, legally
win-back-campaigns-from-call-data	Reaching customers who stopped calling
phone-orders-during-remodel	Keeping orders flowing while the dining room is closed
temporary-closure-messaging	What the phone should say during a closure
seasonal-hours-changes	Summer and winter hours and the calls each change causes
soft-opening-phone-strategy	Managing the phone during a soft open
food-truck-to-brick-and-mortar-phone	Phone setup when a truck opens a storefront
second-location-phone-planning	The phone decisions that get harder at two stores
restaurant-group-shared-call-center	When a group should centralize phone answering
seasonal-staffing-and-phone-coverage	Summer staffing gaps and the phone
manager-time-audit-phone	How many manager hours the phone eats per week
front-of-house-labor-model-shift	What changes in scheduling once calls are handled
phone-answering-and-guest-satisfaction	Connecting phone performance to review scores
online-reviews-mentioning-phone	What phone complaints in reviews are telling you
competitor-phone-benchmarking	Calling your competitors and scoring what you hear
phone-experience-secret-shopper-scorecard	A scorecard for grading your own phone experience
